Reviewer_ID,Reviewer_Level,Target_Level,Reviewee_1_ID,Reviewee_1_Story,Reviewee_2_ID,Reviewee_2_Story,Reviewee_3_ID,Reviewee_3_Story
5450581,6,5,5293679,"大魔王が入り方を模索していると、横からスマホを見つめたままの女子高生が、無表情で大魔王しのいで店内へ入っていった。自動ドアすら彼女には触れようとしない。「あやつ、殺気も出さずに結界（ドア）を無効化しただと？」
しかも彼女は、店員に向かって「チキンの辛いやつ」と、呪文のような言葉を短く放った。大魔王は悟った。この国を支配しているのは自分ではない。あのスカートの短い魔女たちだ。彼は彼女の舎弟になるべく、おずおずと背中を追った。",2287582,その理由は、入口に貼られた「24時間営業」の文字だった。「眠らぬ城だと…？」と戦慄した大魔王は意を決して店内に入ると、眠そうな目をした人間たちが、店員とおぼしき者の前で、四角い板からピッピッと音をさせている。なるほど、あの板は今の時代の眠気を防ぐための魔法装置なのかと察した大魔王は、「俺にも眠くならないものをくれ」と言うと、店員が差し出したのは、カウンターコーヒーだった。,5807178,"ドアが開かない。
手をかざしても。
左右にステップを踏んでみても。

「そりゃそうだ。大魔王なんだから。」

そもそも、コンビニに大魔王が必要とするものなんておいてあるのか？

とにかく、前回降りてきた時とは勝手が違いすぎる。"
4738597,6,5,4858226,"さすがにこのままのカッコウではちょっと目立つ。建物に入る前に身なりを変えようと考えたのである。
大魔王には自分の見た人を瞬時にコピーできる能力がある。変身は大の得意なのだ。
彼（大魔王）はとっさに目についた人間に興味を持ち、すぐさま姿を変えてみた。煙が舞って姿が変わるとかそんな絵本ぽいことはない。面白味もなく瞬時にかわるのだ。
だが、どうだろう。前の大魔王のままのナリよりも周りの人が警戒しているではないか。
それもそのはず、彼が変身した姿はメイド嬢であった。彼の頭のなかでは男性も女性も関係なく、すべて人間という扱いなのだ。
なぜ周りが警戒しているのか理解できなかったが、そのまま彼は我を貫く。",6687142,"　はて、なぜ我は”コンビニ”などと言う単語を理解しておるのだろうか。”コンビニ”とはなんなのか、どこで聞いたのか、さっぱり分からないのだがどうしてだか体が吸い寄せられる。このオレンジと緑のマークが早く来いと我を呼んでいる。

　人間どもの作り出した有象に我が怯える理由もなかろう、視察だ。

　一度立ち止まった足は再び歩を進め、一人でに開く透明な扉にほんの少し意表を突かれながらも”コンビニ”とやららに入る。
　そこに足を踏み入れれば軽快な音が我を迎えた。",5293679,"大魔王が入り方を模索していると、横からスマホを見つめたままの女子高生が、無表情で大魔王しのいで店内へ入っていった。自動ドアすら彼女には触れようとしない。「あやつ、殺気も出さずに結界（ドア）を無効化しただと？」
しかも彼女は、店員に向かって「チキンの辛いやつ」と、呪文のような言葉を短く放った。大魔王は悟った。この国を支配しているのは自分ではない。あのスカートの短い魔女たちだ。彼は彼女の舎弟になるべく、おずおずと背中を追った。"
2848289,6,5,6439177,扉の開け方がわからないのだ。呆然としている横を1人の若者が通っていく。思わず見送った大魔王の目の前で、何もしないで扉が開き、若者は入っていった。それを見た大魔王は、人間界に魔法が行き渡っていると勘違いをしてしまう。スマホや車など、大魔王の理解を超えた物の数々に、大魔王は驚きのあまり、人間界の脅威を大いに勘違いしていくのだった。,5293679,"大魔王が入り方を模索していると、横からスマホを見つめたままの女子高生が、無表情で大魔王しのいで店内へ入っていった。自動ドアすら彼女には触れようとしない。「あやつ、殺気も出さずに結界（ドア）を無効化しただと？」
しかも彼女は、店員に向かって「チキンの辛いやつ」と、呪文のような言葉を短く放った。大魔王は悟った。この国を支配しているのは自分ではない。あのスカートの短い魔女たちだ。彼は彼女の舎弟になるべく、おずおずと背中を追った。",5807178,"ドアが開かない。
手をかざしても。
左右にステップを踏んでみても。

「そりゃそうだ。大魔王なんだから。」

そもそも、コンビニに大魔王が必要とするものなんておいてあるのか？

とにかく、前回降りてきた時とは勝手が違いすぎる。"
2778478,6,5,5034632,"そのコンビニは、無人コンビニで人間はおらず人間の形をしたロボットが働いている。
買い物客は品物を手に取ると四角い板を操作し、買い物をしているようだ。

数百年前とはガラリと変わってしまったその様子に、 戸惑いながらも人々が持っている四角い板が気になる。


人々はその四角い板をどこで手に入れたのだろうか。",5293679,"大魔王が入り方を模索していると、横からスマホを見つめたままの女子高生が、無表情で大魔王しのいで店内へ入っていった。自動ドアすら彼女には触れようとしない。「あやつ、殺気も出さずに結界（ドア）を無効化しただと？」
しかも彼女は、店員に向かって「チキンの辛いやつ」と、呪文のような言葉を短く放った。大魔王は悟った。この国を支配しているのは自分ではない。あのスカートの短い魔女たちだ。彼は彼女の舎弟になるべく、おずおずと背中を追った。",4858226,"さすがにこのままのカッコウではちょっと目立つ。建物に入る前に身なりを変えようと考えたのである。
大魔王には自分の見た人を瞬時にコピーできる能力がある。変身は大の得意なのだ。
彼（大魔王）はとっさに目についた人間に興味を持ち、すぐさま姿を変えてみた。煙が舞って姿が変わるとかそんな絵本ぽいことはない。面白味もなく瞬時にかわるのだ。
だが、どうだろう。前の大魔王のままのナリよりも周りの人が警戒しているではないか。
それもそのはず、彼が変身した姿はメイド嬢であった。彼の頭のなかでは男性も女性も関係なく、すべて人間という扱いなのだ。
なぜ周りが警戒しているのか理解できなかったが、そのまま彼は我を貫く。"
4514732,6,5,3917022,コンビの中の客たちは、店の中に品物を持って行って店員に四角い板（スマホ）を見せたり、裏返したりして、店員もたまに光る棒（スキャナー）を四角い板（スマホ）に当てている。四角い板（スマホ）がないと品物を持っていけないようだが、大魔王は持っていない。そもそも、あの四角い板（スマホ）は何なのか？途方に暮れてしまった大魔王は立ち尽くすのみだった。,2287582,その理由は、入口に貼られた「24時間営業」の文字だった。「眠らぬ城だと…？」と戦慄した大魔王は意を決して店内に入ると、眠そうな目をした人間たちが、店員とおぼしき者の前で、四角い板からピッピッと音をさせている。なるほど、あの板は今の時代の眠気を防ぐための魔法装置なのかと察した大魔王は、「俺にも眠くならないものをくれ」と言うと、店員が差し出したのは、カウンターコーヒーだった。,5026701,"大魔王はコンビニの前で固まっていた。自動ドアの上に輝く「24時間営業」の文字を見てしまったためだ。
「24時間…？ 我が地獄軍ですら交代制なのだぞ…！」労働環境の苛烈さに震えつつ入店すると、今度はレジ前で「温めますか？」と聞かれ、完全に思考停止。
「な、何を…？ 我の魂か…？」と身構える大魔王に、店員は淡々と弁当をチン。
電子レンジの魔力に圧倒され、「人間界…恐るべし」と小声でつぶやいた。"
2287582,5,4,2934807,そこは地獄では見たこともないような食べ物があり、いい匂いがしていた。次の瞬間いらっしゃいませと優しい笑顔の店員が声をかけてくれ、大魔王はいい匂いのする方に目をやった。それはおでんであった。大魔王ははじめて見るおでんに夢中になった。人間界は素晴らしいもう地獄には帰れない。大魔王は人間界で生きていきたいと思った。,5008271,なんと、店内には誰もいないではないか。どうしたことか。お会計をする従業員さえいない。これじゃあ、おにぎりにサンドイッチ、弁当、コンビニスイーツまで盗み放題ではないか。人間はとうとう、お金を払わずとも物を手に入れることができるようにまでなったのか。大魔王は考えた。「よし、試しに好物のロールケーキを手に入れに入ってみるとしよう。」,5487966,なんだこの輝かしい店内の様子は。生活に必要な物がこの小さな空間に全て揃っているではないか。ここまで地上の人間界が変化を遂げているとは。どおりで地獄に来る人間のペースが最近減っていると思った。よし、こうなれば私も黙っては居られない。地獄の証である666マートのお店を世界に展開してやる。まずは物件探しだ。先ほどの四角い板（スマホ）と必要な物を用意しよう。なんだと！これらを買うにはお金が必要なのか？どうすればいいのだ？そういえば入り口に求人情報が貼られていたな。こうして地獄の大魔王は真面目に働くようになり、今はこのお店の店長にまで出世した。
5293679,5,4,4683976,そこは全てがセルフのコンビニで、店員は一人もおらず、利用客は皆淡々と買い物を済ませて店を出ていく。大魔王はその光景を見て、「なんと寂しい世界だろうか。」と唖然としながらも、せっかくだからと店内へ入っていく。すると、そんな大魔王に「いらっしゃいませ」と声をかけてくれる人が。「こんな姿の私に声をかける奴がいるのか」と驚きながら声のする方へ振り向くと、そこにいたのは接客ロボットだった。人間界で唯一自分に気付いてくれたのは人間ではなくロボットだったことに大魔王はショックを受け、早々に人間界を後にしたのであった。,3283357,ふと見ると、入り口の脇に座り込んでいる数名の若者がいた。大魔王はその若者たちを睨むが、その若者たちもスマホを大魔王に向けていた。「SNSにあげようぜ！」、「時期外れのコスプレか？」、「これ、バズるかな？」。若者たちの言葉は大魔王には何のことかさっぱり分からないが、とにかく不快に感じ若者に詰め寄る。「貴様ら何をしている？このわしを誰だと思っているのだ！」と凄みを利かせるが若者たちは、より一層面白がる一方だった。もはやこの人間界は自分が知っている人間界ではない…と大魔王は考えるが、それならば、なおさら人間界のことを調べる必要があると感じ取った。そして大魔王は、コンビニに入り、情報収集を決意した。,1183093,魔王が入ろうとしたその時コンビニの中から一人の人間が出て来たのだが、その人間はどこにも触れることなく扉を開けたのである。しかも、顔色一つ変えずにである。魔王は不思議に思いながら、その人間が出て行ったあと開いたままになっていた扉から中に入った。すると、魔王が一歩足を踏み入れると同時に「いらっしゃいませーっ」という言葉が響き渡り、その直後に、魔王の後ろで扉が勝手に閉まったではないか。魔王は、「罠にはめられたか！」と思い、敵の正体を見極めるために周囲を見回した。
6439177,5,4,4683976,そこは全てがセルフのコンビニで、店員は一人もおらず、利用客は皆淡々と買い物を済ませて店を出ていく。大魔王はその光景を見て、「なんと寂しい世界だろうか。」と唖然としながらも、せっかくだからと店内へ入っていく。すると、そんな大魔王に「いらっしゃいませ」と声をかけてくれる人が。「こんな姿の私に声をかける奴がいるのか」と驚きながら声のする方へ振り向くと、そこにいたのは接客ロボットだった。人間界で唯一自分に気付いてくれたのは人間ではなくロボットだったことに大魔王はショックを受け、早々に人間界を後にしたのであった。,5008271,なんと、店内には誰もいないではないか。どうしたことか。お会計をする従業員さえいない。これじゃあ、おにぎりにサンドイッチ、弁当、コンビニスイーツまで盗み放題ではないか。人間はとうとう、お金を払わずとも物を手に入れることができるようにまでなったのか。大魔王は考えた。「よし、試しに好物のロールケーキを手に入れに入ってみるとしよう。」,1835247,入り口で立ち止まった理由は、自動ドアが開かなかったからだ。邪悪なオーラがセンサーに拒否されたのである。大魔王は「地獄の門より厳重とは」と感心しつつ、後ろに並んだ女子高生に「一歩引いてください」と注意され、素直に従った。その瞬間ドアが開き、彼は文明の敗北を悟り、まずホットスナック棚の前で立ち尽くした。
6687142,5,4,5487966,なんだこの輝かしい店内の様子は。生活に必要な物がこの小さな空間に全て揃っているではないか。ここまで地上の人間界が変化を遂げているとは。どおりで地獄に来る人間のペースが最近減っていると思った。よし、こうなれば私も黙っては居られない。地獄の証である666マートのお店を世界に展開してやる。まずは物件探しだ。先ほどの四角い板（スマホ）と必要な物を用意しよう。なんだと！これらを買うにはお金が必要なのか？どうすればいいのだ？そういえば入り口に求人情報が貼られていたな。こうして地獄の大魔王は真面目に働くようになり、今はこのお店の店長にまで出世した。,4683976,そこは全てがセルフのコンビニで、店員は一人もおらず、利用客は皆淡々と買い物を済ませて店を出ていく。大魔王はその光景を見て、「なんと寂しい世界だろうか。」と唖然としながらも、せっかくだからと店内へ入っていく。すると、そんな大魔王に「いらっしゃいませ」と声をかけてくれる人が。「こんな姿の私に声をかける奴がいるのか」と驚きながら声のする方へ振り向くと、そこにいたのは接客ロボットだった。人間界で唯一自分に気付いてくれたのは人間ではなくロボットだったことに大魔王はショックを受け、早々に人間界を後にしたのであった。,3624976,大魔王は、看板に書いてある24時間営業という文字を見上げながら、立ち止まってしまった。地獄も年中無休だったことを思い出す。人間界にも地獄があるのかと感慨深いものを感じた。とりあえずその場で立ち止まっていると、自動ドアが閉まった。ここは地獄以上に忙しそうだなと感じ、視察は終了とした。
4858226,5,4,5008271,なんと、店内には誰もいないではないか。どうしたことか。お会計をする従業員さえいない。これじゃあ、おにぎりにサンドイッチ、弁当、コンビニスイーツまで盗み放題ではないか。人間はとうとう、お金を払わずとも物を手に入れることができるようにまでなったのか。大魔王は考えた。「よし、試しに好物のロールケーキを手に入れに入ってみるとしよう。」,6633239,"「なっ、なんだコレは？」
目に飛び込んできたのはローソンに貼られた１枚のポスターだった。描かれていたのは『悪魔のおにぎり　復活！好評販売中』というもの。
「悪魔のおにぎりとはなんだ？俺はそんなもん知らんぞ、そもそも悪魔は俺（大魔王）の僕たち。何を勝手なことやってんだ！」と怒り沸騰したかと思いきや
お腹がグゥーっつとなり、「腹は立つし、腹は減るし・・・・、どいつもこいつも、腹の虫がおさまらん！」
と言って、店内にあった悪魔のおにぎりをその場で食べ始めた。
その姿を見た店員は警察に通報し、数分後に逮捕。
その時に大魔王が一言「魔が刺した」と。
みんなは間髪入れず「なんでやねん！地獄に堕ちろ」

続く",3283357,ふと見ると、入り口の脇に座り込んでいる数名の若者がいた。大魔王はその若者たちを睨むが、その若者たちもスマホを大魔王に向けていた。「SNSにあげようぜ！」、「時期外れのコスプレか？」、「これ、バズるかな？」。若者たちの言葉は大魔王には何のことかさっぱり分からないが、とにかく不快に感じ若者に詰め寄る。「貴様ら何をしている？このわしを誰だと思っているのだ！」と凄みを利かせるが若者たちは、より一層面白がる一方だった。もはやこの人間界は自分が知っている人間界ではない…と大魔王は考えるが、それならば、なおさら人間界のことを調べる必要があると感じ取った。そして大魔王は、コンビニに入り、情報収集を決意した。
5807178,5,4,3836202,会計をしているであろう客が店員に四角い板を見せて会計を終わらせようとしているのが見えたのだ。大魔王は、あの四角い板がないとコンビニに入られないのではないかと思ったのだ。だから、コンビニに入るのではなく四角い板が売ってあるお店を探し歩きだした。,1183093,魔王が入ろうとしたその時コンビニの中から一人の人間が出て来たのだが、その人間はどこにも触れることなく扉を開けたのである。しかも、顔色一つ変えずにである。魔王は不思議に思いながら、その人間が出て行ったあと開いたままになっていた扉から中に入った。すると、魔王が一歩足を踏み入れると同時に「いらっしゃいませーっ」という言葉が響き渡り、その直後に、魔王の後ろで扉が勝手に閉まったではないか。魔王は、「罠にはめられたか！」と思い、敵の正体を見極めるために周囲を見回した。,2594828,しかし、自動ドアなのでコンビニの扉が開いてしまった。大魔王は一瞬ためらったが、コンビニの中に入っていた。中を観察して歩いているとのアイスのコーナーに目が止まった。目に入ったアイスを手に取ると中身を確認しようとチョコレートバーの袋を開けた。すると店員が駆け寄ってきて大魔王に声をかけた。店員は「すいませんがコスプレをした外国人のお客様、会計前にアイスを開けてはダメです。」と大魔王に言った。大魔王はレジで会計をするように店員に促されたがお金を持っておらず、オロオロした。すると店員は警察を呼ぶことにした。そして、ここから警察と大魔王のバトルが始まっていくのであった、続く…。
3917022,5,4,5487966,なんだこの輝かしい店内の様子は。生活に必要な物がこの小さな空間に全て揃っているではないか。ここまで地上の人間界が変化を遂げているとは。どおりで地獄に来る人間のペースが最近減っていると思った。よし、こうなれば私も黙っては居られない。地獄の証である666マートのお店を世界に展開してやる。まずは物件探しだ。先ほどの四角い板（スマホ）と必要な物を用意しよう。なんだと！これらを買うにはお金が必要なのか？どうすればいいのだ？そういえば入り口に求人情報が貼られていたな。こうして地獄の大魔王は真面目に働くようになり、今はこのお店の店長にまで出世した。,3624976,大魔王は、看板に書いてある24時間営業という文字を見上げながら、立ち止まってしまった。地獄も年中無休だったことを思い出す。人間界にも地獄があるのかと感慨深いものを感じた。とりあえずその場で立ち止まっていると、自動ドアが閉まった。ここは地獄以上に忙しそうだなと感じ、視察は終了とした。,6555752,なぜか自動ドアが反応しない。「我が威圧が強すぎるのか？」と威厳を解くも反応がない。背後で高校生が「あの、センサーそこですよ」と指差す。堂々と入店した大魔王は、棚一面の唐揚げに心を奪われ、魔王お得意の業火で温めようとして店員に止められた。「温めますか？」その一言に、地獄の覇者は初めて素直にうなずいた。
5026701,5,4,3836202,会計をしているであろう客が店員に四角い板を見せて会計を終わらせようとしているのが見えたのだ。大魔王は、あの四角い板がないとコンビニに入られないのではないかと思ったのだ。だから、コンビニに入るのではなく四角い板が売ってあるお店を探し歩きだした。,2594828,しかし、自動ドアなのでコンビニの扉が開いてしまった。大魔王は一瞬ためらったが、コンビニの中に入っていた。中を観察して歩いているとのアイスのコーナーに目が止まった。目に入ったアイスを手に取ると中身を確認しようとチョコレートバーの袋を開けた。すると店員が駆け寄ってきて大魔王に声をかけた。店員は「すいませんがコスプレをした外国人のお客様、会計前にアイスを開けてはダメです。」と大魔王に言った。大魔王はレジで会計をするように店員に促されたがお金を持っておらず、オロオロした。すると店員は警察を呼ぶことにした。そして、ここから警察と大魔王のバトルが始まっていくのであった、続く…。,5008271,なんと、店内には誰もいないではないか。どうしたことか。お会計をする従業員さえいない。これじゃあ、おにぎりにサンドイッチ、弁当、コンビニスイーツまで盗み放題ではないか。人間はとうとう、お金を払わずとも物を手に入れることができるようにまでなったのか。大魔王は考えた。「よし、試しに好物のロールケーキを手に入れに入ってみるとしよう。」
5034632,5,4,2577992,入り口のガラスに映った自分の姿が見慣れた大魔王の姿ではなく、人間の若い女性の姿になっていたからだ。しかも制服を着ている。高校生くらいだろうか。大魔王は想定外の現象に驚きつつもコンビニに入店し、人間の姿になっている今がチャンスと言わんばかりに、前に地獄に落ちてきた甘党の男が好きすぎて万引きしたという人気のスイーツを購入しようとしたが、どうも買い方がわからない。スイーツは諦めてコンビニを出ると、前に地獄に落ちてきたギャルが教えてくれて気に入ったギャルメイクとファッションをするため、渋谷109に向かうことにした。買い方はわからないが、大魔王には店員のギャルが教えてくれるという確信があったのだ。,6555752,なぜか自動ドアが反応しない。「我が威圧が強すぎるのか？」と威厳を解くも反応がない。背後で高校生が「あの、センサーそこですよ」と指差す。堂々と入店した大魔王は、棚一面の唐揚げに心を奪われ、魔王お得意の業火で温めようとして店員に止められた。「温めますか？」その一言に、地獄の覇者は初めて素直にうなずいた。,2934807,そこは地獄では見たこともないような食べ物があり、いい匂いがしていた。次の瞬間いらっしゃいませと優しい笑顔の店員が声をかけてくれ、大魔王はいい匂いのする方に目をやった。それはおでんであった。大魔王ははじめて見るおでんに夢中になった。人間界は素晴らしいもう地獄には帰れない。大魔王は人間界で生きていきたいと思った。
1183093,4,3,6682630,"なんだこれは。
入口に人がいないにも関わらず、自動的に扉が開く。
魔法や誰かが高速で動いた気配は無い。
にも関わらず、自分が近づくと独りでに扉が空くのだ。気味が悪くなり、少し扉から遠ざかると扉が閉まる。
そこにもやはり何の気配もない。

店の中に立っている人間も私が入る素振りをすると目線を向けるが、遠ざかると興味なさげに目を逸らすだけ。
その目に何の驚きも無いことを考えれば、これは当たり前の日常なのだろう。

周りを見渡しても四角い板に話しかけたり板をつつく人間ばかり。
この数百年で何が起こったのか。板を見るだけの人間があふれるようになった人間界は、地獄より地獄の様相になっている気がした。",3567529,頭の角が引っかかってしまった。頭をかがめてコンビニへ入る。大きい角、鋭い目つき、たくましい体躯。マントを翻し、カツカツと音を鳴らし歩く。しかし、コンビニにいる客も誰も見向きもしない。おかしいと思い、良く目を凝らせば、コンビニの客はいささか可笑しな格好をしていた。骸骨、ナース、メイド、魔女、フランケンシュタイン。傷を負っているものや、見たことが無いアニメのような恰好をした物もいた。ふと、コンビニの手前に陳列されているコーナーを見る。かぼちゃに顔がついているイラストのお菓子。「ジャック・オー・ランタン」そうか、今日は10月31日か。,537618,入り口のドアが勝手に開いたので、大魔王は驚いて動けなくなったのだ。なぜ勝手にドアが開くのかわからず、戸惑いを隠せない大魔王。それをよそに人間はドアを超えて中に入っていく。人間にとって当たり前のものが、大魔王には真新しく見えて、完全に混乱してしまったのである。
2934807,4,3,2250473,かつて地獄で戦った勇者がコンビニの前でギャル男とつるんでいたのである。もはや高貴な大魔王よりお下劣に見える勇者を見て戸惑っていると勇者とギャル男はいきなりライブ配信を始めスマホを片手に踊り始める。ますます困惑する大魔王だったが意を決して自分も踊りに混ざるとそのライブ配信は異例のバズりを遂げしばらく若者たちの間で大魔王と踊ってみた動画が大流行した。,537618,入り口のドアが勝手に開いたので、大魔王は驚いて動けなくなったのだ。なぜ勝手にドアが開くのかわからず、戸惑いを隠せない大魔王。それをよそに人間はドアを超えて中に入っていく。人間にとって当たり前のものが、大魔王には真新しく見えて、完全に混乱してしまったのである。,628787,そこには優しき店員がおり私を見ても怖がらず逃げることもなく、逆に丁寧に接客してくれたからだ。大魔王である私にこんなに優しくしてくれるなんて、人間界というところも悪くないもんだなと思わされて、これから人間界で生きていくことを決めたのだった。
2594828,4,3,1803494,"店内にも四角い板を見つめている人間があふれていたからだ。商品を手にしているときも店員に会計をしてもらっているときも四角い板から目を離さないため、ほかの人間とぶつかりそうになっている人間までいた。
これは何かの呪いに違いないと判断した大魔王が渋谷のスクランブル交差点の中央で広範囲の解呪魔法を使用して周囲の人間たちから四角い板を消し去ると、人間たちは初めて大魔王に気がついた。
大魔王はこれで人間たちが正しく逃げ惑うに違いないと思ったが、周囲の人間たちは逃げ惑うどころか逆に大魔王を取り囲んで「コスプレだ」「クオリティーが高い」などと騒ぎ出してしまった。",5467050,人が誰もいない。どうやって入ったら良いかも分からない。すると後から来た人間が、邪魔くさそうに大魔王を押し退けて、四角い板を入り口にかざした。すると、なんと扉が開いたのだ。大魔王は四角い板が人間界ではとんでもない威力を発揮しているのだと思い、しばらく偵察を続けた。街行く人は、必ず手に四角い板を持っている。四角い板が鳴るとすぐにかばんやポケットから取り出して見つめたり、話しかけたりしている。例え、誰かと会話の途中であっても。これほどまでに誰かを支配する機械は、地獄でもみたことがない。大魔王は、人間界は四角い板に支配される地獄なのだと知った。,1503286,どうやって入ったらいいのかわからない。すると入り口が開いたので、入って行った。おいしそうなものが並んでいる。初めて見るものばかりだ。いい匂いがする方へ行くと、ケースに入った温かい食べ物を見つけた。隣にいた女の子はふかふかした丸いものを持っている。ジーっと見ていると、「これほしいの？」と言って、半分分けてくれた。大魔王は一口で食べると、心がじんわりと温かくなってきたのを感じた。
5008271,4,3,6608115,入り口は透明なガラス板でできているからだ。「数百年前に来た時には入り口は取っ手がついているものや押したり引いたりして中に入るものだったはずたが、、、」今はコンビニに入るには、毎回あのガラス板を割らなければいけないのだと考えた。しかし、数秒観察しているとガラス板が左右に吸い込まれていきその隙を狙って人間が通り抜けられることが分かった。しかし、「もし、あのガラス板が左右に吸い込まれていき、再び戻ってきた場合には私は押し潰されて粉々になってしまうではないか。」大魔王は人間界の視察に訪れたものの、コンビニの入り口のたった一枚のガラス板に恐れるあまり人間界こそ地獄にふさわしいことを悟った。,6682630,"なんだこれは。
入口に人がいないにも関わらず、自動的に扉が開く。
魔法や誰かが高速で動いた気配は無い。
にも関わらず、自分が近づくと独りでに扉が空くのだ。気味が悪くなり、少し扉から遠ざかると扉が閉まる。
そこにもやはり何の気配もない。

店の中に立っている人間も私が入る素振りをすると目線を向けるが、遠ざかると興味なさげに目を逸らすだけ。
その目に何の驚きも無いことを考えれば、これは当たり前の日常なのだろう。

周りを見渡しても四角い板に話しかけたり板をつつく人間ばかり。
この数百年で何が起こったのか。板を見るだけの人間があふれるようになった人間界は、地獄より地獄の様相になっている気がした。",3567529,頭の角が引っかかってしまった。頭をかがめてコンビニへ入る。大きい角、鋭い目つき、たくましい体躯。マントを翻し、カツカツと音を鳴らし歩く。しかし、コンビニにいる客も誰も見向きもしない。おかしいと思い、良く目を凝らせば、コンビニの客はいささか可笑しな格好をしていた。骸骨、ナース、メイド、魔女、フランケンシュタイン。傷を負っているものや、見たことが無いアニメのような恰好をした物もいた。ふと、コンビニの手前に陳列されているコーナーを見る。かぼちゃに顔がついているイラストのお菓子。「ジャック・オー・ランタン」そうか、今日は10月31日か。
3836202,4,3,6682630,"なんだこれは。
入口に人がいないにも関わらず、自動的に扉が開く。
魔法や誰かが高速で動いた気配は無い。
にも関わらず、自分が近づくと独りでに扉が空くのだ。気味が悪くなり、少し扉から遠ざかると扉が閉まる。
そこにもやはり何の気配もない。

店の中に立っている人間も私が入る素振りをすると目線を向けるが、遠ざかると興味なさげに目を逸らすだけ。
その目に何の驚きも無いことを考えれば、これは当たり前の日常なのだろう。

周りを見渡しても四角い板に話しかけたり板をつつく人間ばかり。
この数百年で何が起こったのか。板を見るだけの人間があふれるようになった人間界は、地獄より地獄の様相になっている気がした。",6608115,入り口は透明なガラス板でできているからだ。「数百年前に来た時には入り口は取っ手がついているものや押したり引いたりして中に入るものだったはずたが、、、」今はコンビニに入るには、毎回あのガラス板を割らなければいけないのだと考えた。しかし、数秒観察しているとガラス板が左右に吸い込まれていきその隙を狙って人間が通り抜けられることが分かった。しかし、「もし、あのガラス板が左右に吸い込まれていき、再び戻ってきた場合には私は押し潰されて粉々になってしまうではないか。」大魔王は人間界の視察に訪れたものの、コンビニの入り口のたった一枚のガラス板に恐れるあまり人間界こそ地獄にふさわしいことを悟った。,1803494,"店内にも四角い板を見つめている人間があふれていたからだ。商品を手にしているときも店員に会計をしてもらっているときも四角い板から目を離さないため、ほかの人間とぶつかりそうになっている人間までいた。
これは何かの呪いに違いないと判断した大魔王が渋谷のスクランブル交差点の中央で広範囲の解呪魔法を使用して周囲の人間たちから四角い板を消し去ると、人間たちは初めて大魔王に気がついた。
大魔王はこれで人間たちが正しく逃げ惑うに違いないと思ったが、周囲の人間たちは逃げ惑うどころか逆に大魔王を取り囲んで「コスプレだ」「クオリティーが高い」などと騒ぎ出してしまった。"
6555752,4,3,4287323,「自動ドアが開かない。魔力が足りぬのか？」と額の角をぶつけると、ドアは無言で閉じ続けた。横で高校生が「店入るには踏み出すんすよ」と親切に実演。大魔王は一歩前進、ウィーン。感動のあまりおでんを全種購入し、地獄用にレシートを魔界通貨に換算し始め、後ろの列が地獄絵図になった。,628787,そこには優しき店員がおり私を見ても怖がらず逃げることもなく、逆に丁寧に接客してくれたからだ。大魔王である私にこんなに優しくしてくれるなんて、人間界というところも悪くないもんだなと思わされて、これから人間界で生きていくことを決めたのだった。,2250473,かつて地獄で戦った勇者がコンビニの前でギャル男とつるんでいたのである。もはや高貴な大魔王よりお下劣に見える勇者を見て戸惑っていると勇者とギャル男はいきなりライブ配信を始めスマホを片手に踊り始める。ますます困惑する大魔王だったが意を決して自分も踊りに混ざるとそのライブ配信は異例のバズりを遂げしばらく若者たちの間で大魔王と踊ってみた動画が大流行した。
3624976,4,3,628787,そこには優しき店員がおり私を見ても怖がらず逃げることもなく、逆に丁寧に接客してくれたからだ。大魔王である私にこんなに優しくしてくれるなんて、人間界というところも悪くないもんだなと思わされて、これから人間界で生きていくことを決めたのだった。,5165309,"中にはおでんをつんつんしている人間や、アイスケースの中に入ってる人間、売り物のタバコをレジを通さずポケットに隠し入れる未成年の店員などなど、どうやら店の中はめちゃくちゃの様子。
そしてその人間たちの様子を満足気に眺めているのはなんと天界を統べる大天使ミカエル！
「ミカエルよ、なぜお前がここにいる！？」
「お前と同じ理由よ大魔王」
実は地獄は最近の人口増加によってすでに人間でパンパン。大魔王はそのため人間界に視察に来たのだ。
そして天界もすでに人間でパンパン。ミカエルは人間界で地獄に落ちる人間を増やすために悪事をさせていたのだ。
これ以上地獄に落ちる人間を増やさないために大魔王による世直しがここに始まる！",6682630,"なんだこれは。
入口に人がいないにも関わらず、自動的に扉が開く。
魔法や誰かが高速で動いた気配は無い。
にも関わらず、自分が近づくと独りでに扉が空くのだ。気味が悪くなり、少し扉から遠ざかると扉が閉まる。
そこにもやはり何の気配もない。

店の中に立っている人間も私が入る素振りをすると目線を向けるが、遠ざかると興味なさげに目を逸らすだけ。
その目に何の驚きも無いことを考えれば、これは当たり前の日常なのだろう。

周りを見渡しても四角い板に話しかけたり板をつつく人間ばかり。
この数百年で何が起こったのか。板を見るだけの人間があふれるようになった人間界は、地獄より地獄の様相になっている気がした。"
6633239,4,3,5467050,人が誰もいない。どうやって入ったら良いかも分からない。すると後から来た人間が、邪魔くさそうに大魔王を押し退けて、四角い板を入り口にかざした。すると、なんと扉が開いたのだ。大魔王は四角い板が人間界ではとんでもない威力を発揮しているのだと思い、しばらく偵察を続けた。街行く人は、必ず手に四角い板を持っている。四角い板が鳴るとすぐにかばんやポケットから取り出して見つめたり、話しかけたりしている。例え、誰かと会話の途中であっても。これほどまでに誰かを支配する機械は、地獄でもみたことがない。大魔王は、人間界は四角い板に支配される地獄なのだと知った。,4287323,「自動ドアが開かない。魔力が足りぬのか？」と額の角をぶつけると、ドアは無言で閉じ続けた。横で高校生が「店入るには踏み出すんすよ」と親切に実演。大魔王は一歩前進、ウィーン。感動のあまりおでんを全種購入し、地獄用にレシートを魔界通貨に換算し始め、後ろの列が地獄絵図になった。,5165309,"中にはおでんをつんつんしている人間や、アイスケースの中に入ってる人間、売り物のタバコをレジを通さずポケットに隠し入れる未成年の店員などなど、どうやら店の中はめちゃくちゃの様子。
そしてその人間たちの様子を満足気に眺めているのはなんと天界を統べる大天使ミカエル！
「ミカエルよ、なぜお前がここにいる！？」
「お前と同じ理由よ大魔王」
実は地獄は最近の人口増加によってすでに人間でパンパン。大魔王はそのため人間界に視察に来たのだ。
そして天界もすでに人間でパンパン。ミカエルは人間界で地獄に落ちる人間を増やすために悪事をさせていたのだ。
これ以上地獄に落ちる人間を増やさないために大魔王による世直しがここに始まる！"
4683976,4,3,537618,入り口のドアが勝手に開いたので、大魔王は驚いて動けなくなったのだ。なぜ勝手にドアが開くのかわからず、戸惑いを隠せない大魔王。それをよそに人間はドアを超えて中に入っていく。人間にとって当たり前のものが、大魔王には真新しく見えて、完全に混乱してしまったのである。,1803494,"店内にも四角い板を見つめている人間があふれていたからだ。商品を手にしているときも店員に会計をしてもらっているときも四角い板から目を離さないため、ほかの人間とぶつかりそうになっている人間までいた。
これは何かの呪いに違いないと判断した大魔王が渋谷のスクランブル交差点の中央で広範囲の解呪魔法を使用して周囲の人間たちから四角い板を消し去ると、人間たちは初めて大魔王に気がついた。
大魔王はこれで人間たちが正しく逃げ惑うに違いないと思ったが、周囲の人間たちは逃げ惑うどころか逆に大魔王を取り囲んで「コスプレだ」「クオリティーが高い」などと騒ぎ出してしまった。",6682630,"なんだこれは。
入口に人がいないにも関わらず、自動的に扉が開く。
魔法や誰かが高速で動いた気配は無い。
にも関わらず、自分が近づくと独りでに扉が空くのだ。気味が悪くなり、少し扉から遠ざかると扉が閉まる。
そこにもやはり何の気配もない。

店の中に立っている人間も私が入る素振りをすると目線を向けるが、遠ざかると興味なさげに目を逸らすだけ。
その目に何の驚きも無いことを考えれば、これは当たり前の日常なのだろう。

周りを見渡しても四角い板に話しかけたり板をつつく人間ばかり。
この数百年で何が起こったのか。板を見るだけの人間があふれるようになった人間界は、地獄より地獄の様相になっている気がした。"
3283357,4,3,5165309,"中にはおでんをつんつんしている人間や、アイスケースの中に入ってる人間、売り物のタバコをレジを通さずポケットに隠し入れる未成年の店員などなど、どうやら店の中はめちゃくちゃの様子。
そしてその人間たちの様子を満足気に眺めているのはなんと天界を統べる大天使ミカエル！
「ミカエルよ、なぜお前がここにいる！？」
「お前と同じ理由よ大魔王」
実は地獄は最近の人口増加によってすでに人間でパンパン。大魔王はそのため人間界に視察に来たのだ。
そして天界もすでに人間でパンパン。ミカエルは人間界で地獄に落ちる人間を増やすために悪事をさせていたのだ。
これ以上地獄に落ちる人間を増やさないために大魔王による世直しがここに始まる！",6682630,"なんだこれは。
入口に人がいないにも関わらず、自動的に扉が開く。
魔法や誰かが高速で動いた気配は無い。
にも関わらず、自分が近づくと独りでに扉が空くのだ。気味が悪くなり、少し扉から遠ざかると扉が閉まる。
そこにもやはり何の気配もない。

店の中に立っている人間も私が入る素振りをすると目線を向けるが、遠ざかると興味なさげに目を逸らすだけ。
その目に何の驚きも無いことを考えれば、これは当たり前の日常なのだろう。

周りを見渡しても四角い板に話しかけたり板をつつく人間ばかり。
この数百年で何が起こったのか。板を見るだけの人間があふれるようになった人間界は、地獄より地獄の様相になっている気がした。",3567529,頭の角が引っかかってしまった。頭をかがめてコンビニへ入る。大きい角、鋭い目つき、たくましい体躯。マントを翻し、カツカツと音を鳴らし歩く。しかし、コンビニにいる客も誰も見向きもしない。おかしいと思い、良く目を凝らせば、コンビニの客はいささか可笑しな格好をしていた。骸骨、ナース、メイド、魔女、フランケンシュタイン。傷を負っているものや、見たことが無いアニメのような恰好をした物もいた。ふと、コンビニの手前に陳列されているコーナーを見る。かぼちゃに顔がついているイラストのお菓子。「ジャック・オー・ランタン」そうか、今日は10月31日か。
1835247,4,3,1803494,"店内にも四角い板を見つめている人間があふれていたからだ。商品を手にしているときも店員に会計をしてもらっているときも四角い板から目を離さないため、ほかの人間とぶつかりそうになっている人間までいた。
これは何かの呪いに違いないと判断した大魔王が渋谷のスクランブル交差点の中央で広範囲の解呪魔法を使用して周囲の人間たちから四角い板を消し去ると、人間たちは初めて大魔王に気がついた。
大魔王はこれで人間たちが正しく逃げ惑うに違いないと思ったが、周囲の人間たちは逃げ惑うどころか逆に大魔王を取り囲んで「コスプレだ」「クオリティーが高い」などと騒ぎ出してしまった。",1503286,どうやって入ったらいいのかわからない。すると入り口が開いたので、入って行った。おいしそうなものが並んでいる。初めて見るものばかりだ。いい匂いがする方へ行くと、ケースに入った温かい食べ物を見つけた。隣にいた女の子はふかふかした丸いものを持っている。ジーっと見ていると、「これほしいの？」と言って、半分分けてくれた。大魔王は一口で食べると、心がじんわりと温かくなってきたのを感じた。,4287323,「自動ドアが開かない。魔力が足りぬのか？」と額の角をぶつけると、ドアは無言で閉じ続けた。横で高校生が「店入るには踏み出すんすよ」と親切に実演。大魔王は一歩前進、ウィーン。感動のあまりおでんを全種購入し、地獄用にレシートを魔界通貨に換算し始め、後ろの列が地獄絵図になった。
5487966,4,3,2250473,かつて地獄で戦った勇者がコンビニの前でギャル男とつるんでいたのである。もはや高貴な大魔王よりお下劣に見える勇者を見て戸惑っていると勇者とギャル男はいきなりライブ配信を始めスマホを片手に踊り始める。ますます困惑する大魔王だったが意を決して自分も踊りに混ざるとそのライブ配信は異例のバズりを遂げしばらく若者たちの間で大魔王と踊ってみた動画が大流行した。,120691,突然目の前にいた外国人のカップルから声をかけられたのだ。女性のほうは日本語が少し話せるようで、「ワーオ、すごく素敵なファッションですね。あなたが着ているその服はどこで買えるのですか？」と聞かれた。男性のほうは大魔王の持っている如意棒に興味津々で、「僕は日本のアニメが大好きなんです。あなたもしかしてピッコロ大魔王さんですか？」と尋ねてきた。自分を見てもまったく恐れる気配のない人間を目にした大魔王は内心大ショック。この場所は呪われているに違いない、と自分に言い聞かせ、早々に渋谷を後にした。,537618,入り口のドアが勝手に開いたので、大魔王は驚いて動けなくなったのだ。なぜ勝手にドアが開くのかわからず、戸惑いを隠せない大魔王。それをよそに人間はドアを超えて中に入っていく。人間にとって当たり前のものが、大魔王には真新しく見えて、完全に混乱してしまったのである。
2577992,4,3,2250473,かつて地獄で戦った勇者がコンビニの前でギャル男とつるんでいたのである。もはや高貴な大魔王よりお下劣に見える勇者を見て戸惑っていると勇者とギャル男はいきなりライブ配信を始めスマホを片手に踊り始める。ますます困惑する大魔王だったが意を決して自分も踊りに混ざるとそのライブ配信は異例のバズりを遂げしばらく若者たちの間で大魔王と踊ってみた動画が大流行した。,5165309,"中にはおでんをつんつんしている人間や、アイスケースの中に入ってる人間、売り物のタバコをレジを通さずポケットに隠し入れる未成年の店員などなど、どうやら店の中はめちゃくちゃの様子。
そしてその人間たちの様子を満足気に眺めているのはなんと天界を統べる大天使ミカエル！
「ミカエルよ、なぜお前がここにいる！？」
「お前と同じ理由よ大魔王」
実は地獄は最近の人口増加によってすでに人間でパンパン。大魔王はそのため人間界に視察に来たのだ。
そして天界もすでに人間でパンパン。ミカエルは人間界で地獄に落ちる人間を増やすために悪事をさせていたのだ。
これ以上地獄に落ちる人間を増やさないために大魔王による世直しがここに始まる！",4287323,「自動ドアが開かない。魔力が足りぬのか？」と額の角をぶつけると、ドアは無言で閉じ続けた。横で高校生が「店入るには踏み出すんすよ」と親切に実演。大魔王は一歩前進、ウィーン。感動のあまりおでんを全種購入し、地獄用にレシートを魔界通貨に換算し始め、後ろの列が地獄絵図になった。
5467050,3,2,5393493,"自動ドアのセンサーが大魔王に反応せずに自動ドアが開かないので大魔王はコンビニに入れない。
また、大魔王はガラスを知らないのでどうして透明な壁があるかと戸惑っていていた。
どうしても大魔王は人間界の現代社会に理解出来ず、逆にどうして良いのか分からない状況で、今にも地獄に戻りたいと感じている。",6601958,コスプレイヤーと勘違いされた魔王は、係員の人に呼び止められ、たまたま近くで開催していたコスプレ大会に参加することとなった。そのまま、見事な振る舞いで優勝を取れたかと思われたが、部下である四天王の一人が、会場を破壊しながら勢いよく入ってきてコスプレ大会をめちゃくちゃにしてしまった。人間の観察どころではなくなったので魔界に帰ろうとしたが、入ってきたゲートが消えてなくなってしまっていた。,3442043,"だって地獄の統括者であるはずの自分が目の前にいたのだから。こちらも驚いたがあちらも同じだったようで、大きく口を開け固まって。と思ったらそのまま消えてしまった。いったい何だったんだ。明るい店内には大魔王を喜ばせてくれそうなおいしいものがいっぱいあったのだが、彼がそれに気が付くことはなかった。
そして警察が来た。
「お客さん、コンビニ入るの？入らないの？入らないんだったらこんなとこでずっと立ちっぱなしだと邪魔なんだよね。避けてくれないかな」
夜のコンビニ。数百年前の世界にはなかったガラス。その透明感ある面に映った自身の顔に大魔王は混乱し、また数百年に渡って地獄での療養生活が行われることとなるのであった。"
6682630,3,2,4605808,ここは最も多くの日本人が行き交う街のはずなのに、コンビニで制服を着て働く店員は日本人ではないことは明らかであった。さらに客の半数近くが外国人である。大魔王はコンビニの店内の人々を見て茫然としていたが、突然背後から声を掛けられた。「エクスキューズミー、コノミセ、ドコカワカリマスカ?」大魔王は逃げるようにコンビニ前から立ち去っていった。数百年ぶりの日本は、外国人で溢れかえっているようだ。次の百年後には宇宙人が暮らしていてもおかしくないだろう。,96809,大きすぎて自動扉が開かないのだ。中の様子を見ると、店員や買い物客がスマホで自分の姿を写真に撮っている。「かっこいいコスプレだ‼」と叫びながら。「人間界は俺様の事を知らないのか…」威厳を傷つけられた大魔王は、すごすごとコンビニを去って地獄界へ帰っていった。,3442043,"だって地獄の統括者であるはずの自分が目の前にいたのだから。こちらも驚いたがあちらも同じだったようで、大きく口を開け固まって。と思ったらそのまま消えてしまった。いったい何だったんだ。明るい店内には大魔王を喜ばせてくれそうなおいしいものがいっぱいあったのだが、彼がそれに気が付くことはなかった。
そして警察が来た。
「お客さん、コンビニ入るの？入らないの？入らないんだったらこんなとこでずっと立ちっぱなしだと邪魔なんだよね。避けてくれないかな」
夜のコンビニ。数百年前の世界にはなかったガラス。その透明感ある面に映った自身の顔に大魔王は混乱し、また数百年に渡って地獄での療養生活が行われることとなるのであった。"
120691,3,2,6500988,「…ハッ！持ち合わせないや！」ポケット付近をパンパンと叩きながら慌てていると、後ろから納入業者の押す台車が激突。積荷が崩れ落ち、近くにいた他の客にもぶつかりまくっている。間違いなく大魔王が入り口で急に立ち止まったことが原因で起きた惨事である。,1704054,扉がひとりでに開いたのだ。周囲を見るも門兵と思しき人間もいない。さては新たな魔法なのかと警戒しつつコンビニに足を踏み入れたところで、どこからともなく謎の音楽が流れた。驚いて周囲を警戒するも、楽器を手にした者などやはり誰もいない。唯一の人間である店の者の目には光がない。そういえば外にいた人間たちもどこかぼんやりしていた。彼らは既に何者かによって操られているのかも知れない。こんな不気味な世界にはいられないとばかりに、大魔王は慌てて地獄へと帰っていった。,5393493,"自動ドアのセンサーが大魔王に反応せずに自動ドアが開かないので大魔王はコンビニに入れない。
また、大魔王はガラスを知らないのでどうして透明な壁があるかと戸惑っていていた。
どうしても大魔王は人間界の現代社会に理解出来ず、逆にどうして良いのか分からない状況で、今にも地獄に戻りたいと感じている。"
5165309,3,2,6702293,"ふとドア横に視線を移すとガラス窓にポスターが貼られており、そこにはあの「四角い板」の写真とともにこう文字が踊っていた。
「絶対おすすめ！これがあれば超おトク＆無敵！　☆神アプリ☆　ベスト5！」
お忍びで視察にきたはずの大魔王だったが、思わず声を出してしまった。
「これか。人間たちが自分を見ても恐れない理由はこれか。神どもが密かに人間たちに手を伸ばしていたのだ！」
大魔王は怒りで全身が震えた。これは許されることではない。そもそも人間界は不可侵にするというのが神魔間の取り決めではなかったのか。すぐさま地獄に戻った大魔王は、全軍に人間界侵攻の命を下したのだった。",4605808,ここは最も多くの日本人が行き交う街のはずなのに、コンビニで制服を着て働く店員は日本人ではないことは明らかであった。さらに客の半数近くが外国人である。大魔王はコンビニの店内の人々を見て茫然としていたが、突然背後から声を掛けられた。「エクスキューズミー、コノミセ、ドコカワカリマスカ?」大魔王は逃げるようにコンビニ前から立ち去っていった。数百年ぶりの日本は、外国人で溢れかえっているようだ。次の百年後には宇宙人が暮らしていてもおかしくないだろう。,96809,大きすぎて自動扉が開かないのだ。中の様子を見ると、店員や買い物客がスマホで自分の姿を写真に撮っている。「かっこいいコスプレだ‼」と叫びながら。「人間界は俺様の事を知らないのか…」威厳を傷つけられた大魔王は、すごすごとコンビニを去って地獄界へ帰っていった。
1803494,3,2,6702293,"ふとドア横に視線を移すとガラス窓にポスターが貼られており、そこにはあの「四角い板」の写真とともにこう文字が踊っていた。
「絶対おすすめ！これがあれば超おトク＆無敵！　☆神アプリ☆　ベスト5！」
お忍びで視察にきたはずの大魔王だったが、思わず声を出してしまった。
「これか。人間たちが自分を見ても恐れない理由はこれか。神どもが密かに人間たちに手を伸ばしていたのだ！」
大魔王は怒りで全身が震えた。これは許されることではない。そもそも人間界は不可侵にするというのが神魔間の取り決めではなかったのか。すぐさま地獄に戻った大魔王は、全軍に人間界侵攻の命を下したのだった。",6604271,いや、そもそもこの状況がおかしいのだ。”数百年ぶり”に渋谷のスクランブル交差点に降り立ったというにも関わらず、数百年間渋谷のスクランブル交差点は変わらず存在しており、未だにスマホなどという機器を人々が手にしているのである。もしかすると、以前降り立ってから、地獄の時間の進み方が速く、人間界の時間の進み方が遅くなってしまっているのか？だとしたら、私が地獄に戻ったら、浦島大魔王になってしまう？そうだ、そんなことより、私が自宅に長時間戻らないことなど想定していない。ベッドの下には、秘蔵のコレクションが隠してあるのだ。あれを誰かに見られてしまうかもしれないと思うと、人間界の視察などしている場合ではない。,6513103,"え、なんでここに俺はいるんだ？
でも、ここは日本か？　ここのコンビニにはいって人に聞いたらびっくりされるな。。でもなぜおれは日本にいるんだ？ここにいるべきなのか？ちがうよな？はやくどかににかなきゃばれちゃう、、"
2250473,3,2,96809,大きすぎて自動扉が開かないのだ。中の様子を見ると、店員や買い物客がスマホで自分の姿を写真に撮っている。「かっこいいコスプレだ‼」と叫びながら。「人間界は俺様の事を知らないのか…」威厳を傷つけられた大魔王は、すごすごとコンビニを去って地獄界へ帰っていった。,6513103,"え、なんでここに俺はいるんだ？
でも、ここは日本か？　ここのコンビニにはいって人に聞いたらびっくりされるな。。でもなぜおれは日本にいるんだ？ここにいるべきなのか？ちがうよな？はやくどかににかなきゃばれちゃう、、",6604271,いや、そもそもこの状況がおかしいのだ。”数百年ぶり”に渋谷のスクランブル交差点に降り立ったというにも関わらず、数百年間渋谷のスクランブル交差点は変わらず存在しており、未だにスマホなどという機器を人々が手にしているのである。もしかすると、以前降り立ってから、地獄の時間の進み方が速く、人間界の時間の進み方が遅くなってしまっているのか？だとしたら、私が地獄に戻ったら、浦島大魔王になってしまう？そうだ、そんなことより、私が自宅に長時間戻らないことなど想定していない。ベッドの下には、秘蔵のコレクションが隠してあるのだ。あれを誰かに見られてしまうかもしれないと思うと、人間界の視察などしている場合ではない。
3567529,3,2,1704054,扉がひとりでに開いたのだ。周囲を見るも門兵と思しき人間もいない。さては新たな魔法なのかと警戒しつつコンビニに足を踏み入れたところで、どこからともなく謎の音楽が流れた。驚いて周囲を警戒するも、楽器を手にした者などやはり誰もいない。唯一の人間である店の者の目には光がない。そういえば外にいた人間たちもどこかぼんやりしていた。彼らは既に何者かによって操られているのかも知れない。こんな不気味な世界にはいられないとばかりに、大魔王は慌てて地獄へと帰っていった。,5393493,"自動ドアのセンサーが大魔王に反応せずに自動ドアが開かないので大魔王はコンビニに入れない。
また、大魔王はガラスを知らないのでどうして透明な壁があるかと戸惑っていていた。
どうしても大魔王は人間界の現代社会に理解出来ず、逆にどうして良いのか分からない状況で、今にも地獄に戻りたいと感じている。",6601958,コスプレイヤーと勘違いされた魔王は、係員の人に呼び止められ、たまたま近くで開催していたコスプレ大会に参加することとなった。そのまま、見事な振る舞いで優勝を取れたかと思われたが、部下である四天王の一人が、会場を破壊しながら勢いよく入ってきてコスプレ大会をめちゃくちゃにしてしまった。人間の観察どころではなくなったので魔界に帰ろうとしたが、入ってきたゲートが消えてなくなってしまっていた。
1503286,3,2,96809,大きすぎて自動扉が開かないのだ。中の様子を見ると、店員や買い物客がスマホで自分の姿を写真に撮っている。「かっこいいコスプレだ‼」と叫びながら。「人間界は俺様の事を知らないのか…」威厳を傷つけられた大魔王は、すごすごとコンビニを去って地獄界へ帰っていった。,2286689,店内ではサンタの恰好をした店員・客がうろうろしていた。そう、今日はクリスマスだ。『いらっしゃいませー』と声をかける店員、そしてはにかむ大魔王。逃げるようにドリンクコーナーへ行き、ホットコーヒーを手にとる。深呼吸の後レジへ向かうが「現金ですかICですか」との問いに赤面する。慌てて出した小銭をばらまき、逃げるように店外へ。そこで唐突に手を掴まれる「ちょっといいですか」見上げた先には警察官がいる。そう、職務質問だ。見るからに怪しい・挙動不審のダブルパンチでは当然の結果だ。「ピンチに陥った大魔王の運命や果たして～つづく」,6604271,いや、そもそもこの状況がおかしいのだ。”数百年ぶり”に渋谷のスクランブル交差点に降り立ったというにも関わらず、数百年間渋谷のスクランブル交差点は変わらず存在しており、未だにスマホなどという機器を人々が手にしているのである。もしかすると、以前降り立ってから、地獄の時間の進み方が速く、人間界の時間の進み方が遅くなってしまっているのか？だとしたら、私が地獄に戻ったら、浦島大魔王になってしまう？そうだ、そんなことより、私が自宅に長時間戻らないことなど想定していない。ベッドの下には、秘蔵のコレクションが隠してあるのだ。あれを誰かに見られてしまうかもしれないと思うと、人間界の視察などしている場合ではない。
6608115,3,2,96809,大きすぎて自動扉が開かないのだ。中の様子を見ると、店員や買い物客がスマホで自分の姿を写真に撮っている。「かっこいいコスプレだ‼」と叫びながら。「人間界は俺様の事を知らないのか…」威厳を傷つけられた大魔王は、すごすごとコンビニを去って地獄界へ帰っていった。,6500988,「…ハッ！持ち合わせないや！」ポケット付近をパンパンと叩きながら慌てていると、後ろから納入業者の押す台車が激突。積荷が崩れ落ち、近くにいた他の客にもぶつかりまくっている。間違いなく大魔王が入り口で急に立ち止まったことが原因で起きた惨事である。,1704054,扉がひとりでに開いたのだ。周囲を見るも門兵と思しき人間もいない。さては新たな魔法なのかと警戒しつつコンビニに足を踏み入れたところで、どこからともなく謎の音楽が流れた。驚いて周囲を警戒するも、楽器を手にした者などやはり誰もいない。唯一の人間である店の者の目には光がない。そういえば外にいた人間たちもどこかぼんやりしていた。彼らは既に何者かによって操られているのかも知れない。こんな不気味な世界にはいられないとばかりに、大魔王は慌てて地獄へと帰っていった。
628787,3,2,6702293,"ふとドア横に視線を移すとガラス窓にポスターが貼られており、そこにはあの「四角い板」の写真とともにこう文字が踊っていた。
「絶対おすすめ！これがあれば超おトク＆無敵！　☆神アプリ☆　ベスト5！」
お忍びで視察にきたはずの大魔王だったが、思わず声を出してしまった。
「これか。人間たちが自分を見ても恐れない理由はこれか。神どもが密かに人間たちに手を伸ばしていたのだ！」
大魔王は怒りで全身が震えた。これは許されることではない。そもそも人間界は不可侵にするというのが神魔間の取り決めではなかったのか。すぐさま地獄に戻った大魔王は、全軍に人間界侵攻の命を下したのだった。",6500988,「…ハッ！持ち合わせないや！」ポケット付近をパンパンと叩きながら慌てていると、後ろから納入業者の押す台車が激突。積荷が崩れ落ち、近くにいた他の客にもぶつかりまくっている。間違いなく大魔王が入り口で急に立ち止まったことが原因で起きた惨事である。,3442043,"だって地獄の統括者であるはずの自分が目の前にいたのだから。こちらも驚いたがあちらも同じだったようで、大きく口を開け固まって。と思ったらそのまま消えてしまった。いったい何だったんだ。明るい店内には大魔王を喜ばせてくれそうなおいしいものがいっぱいあったのだが、彼がそれに気が付くことはなかった。
そして警察が来た。
「お客さん、コンビニ入るの？入らないの？入らないんだったらこんなとこでずっと立ちっぱなしだと邪魔なんだよね。避けてくれないかな」
夜のコンビニ。数百年前の世界にはなかったガラス。その透明感ある面に映った自身の顔に大魔王は混乱し、また数百年に渡って地獄での療養生活が行われることとなるのであった。"
4287323,3,2,5393493,"自動ドアのセンサーが大魔王に反応せずに自動ドアが開かないので大魔王はコンビニに入れない。
また、大魔王はガラスを知らないのでどうして透明な壁があるかと戸惑っていていた。
どうしても大魔王は人間界の現代社会に理解出来ず、逆にどうして良いのか分からない状況で、今にも地獄に戻りたいと感じている。",3442043,"だって地獄の統括者であるはずの自分が目の前にいたのだから。こちらも驚いたがあちらも同じだったようで、大きく口を開け固まって。と思ったらそのまま消えてしまった。いったい何だったんだ。明るい店内には大魔王を喜ばせてくれそうなおいしいものがいっぱいあったのだが、彼がそれに気が付くことはなかった。
そして警察が来た。
「お客さん、コンビニ入るの？入らないの？入らないんだったらこんなとこでずっと立ちっぱなしだと邪魔なんだよね。避けてくれないかな」
夜のコンビニ。数百年前の世界にはなかったガラス。その透明感ある面に映った自身の顔に大魔王は混乱し、また数百年に渡って地獄での療養生活が行われることとなるのであった。",96809,大きすぎて自動扉が開かないのだ。中の様子を見ると、店員や買い物客がスマホで自分の姿を写真に撮っている。「かっこいいコスプレだ‼」と叫びながら。「人間界は俺様の事を知らないのか…」威厳を傷つけられた大魔王は、すごすごとコンビニを去って地獄界へ帰っていった。
38549,3,2,4605808,ここは最も多くの日本人が行き交う街のはずなのに、コンビニで制服を着て働く店員は日本人ではないことは明らかであった。さらに客の半数近くが外国人である。大魔王はコンビニの店内の人々を見て茫然としていたが、突然背後から声を掛けられた。「エクスキューズミー、コノミセ、ドコカワカリマスカ?」大魔王は逃げるようにコンビニ前から立ち去っていった。数百年ぶりの日本は、外国人で溢れかえっているようだ。次の百年後には宇宙人が暮らしていてもおかしくないだろう。,6702293,"ふとドア横に視線を移すとガラス窓にポスターが貼られており、そこにはあの「四角い板」の写真とともにこう文字が踊っていた。
「絶対おすすめ！これがあれば超おトク＆無敵！　☆神アプリ☆　ベスト5！」
お忍びで視察にきたはずの大魔王だったが、思わず声を出してしまった。
「これか。人間たちが自分を見ても恐れない理由はこれか。神どもが密かに人間たちに手を伸ばしていたのだ！」
大魔王は怒りで全身が震えた。これは許されることではない。そもそも人間界は不可侵にするというのが神魔間の取り決めではなかったのか。すぐさま地獄に戻った大魔王は、全軍に人間界侵攻の命を下したのだった。",5393493,"自動ドアのセンサーが大魔王に反応せずに自動ドアが開かないので大魔王はコンビニに入れない。
また、大魔王はガラスを知らないのでどうして透明な壁があるかと戸惑っていていた。
どうしても大魔王は人間界の現代社会に理解出来ず、逆にどうして良いのか分からない状況で、今にも地獄に戻りたいと感じている。"
537618,3,2,2286689,店内ではサンタの恰好をした店員・客がうろうろしていた。そう、今日はクリスマスだ。『いらっしゃいませー』と声をかける店員、そしてはにかむ大魔王。逃げるようにドリンクコーナーへ行き、ホットコーヒーを手にとる。深呼吸の後レジへ向かうが「現金ですかICですか」との問いに赤面する。慌てて出した小銭をばらまき、逃げるように店外へ。そこで唐突に手を掴まれる「ちょっといいですか」見上げた先には警察官がいる。そう、職務質問だ。見るからに怪しい・挙動不審のダブルパンチでは当然の結果だ。「ピンチに陥った大魔王の運命や果たして～つづく」,1704054,扉がひとりでに開いたのだ。周囲を見るも門兵と思しき人間もいない。さては新たな魔法なのかと警戒しつつコンビニに足を踏み入れたところで、どこからともなく謎の音楽が流れた。驚いて周囲を警戒するも、楽器を手にした者などやはり誰もいない。唯一の人間である店の者の目には光がない。そういえば外にいた人間たちもどこかぼんやりしていた。彼らは既に何者かによって操られているのかも知れない。こんな不気味な世界にはいられないとばかりに、大魔王は慌てて地獄へと帰っていった。,6702293,"ふとドア横に視線を移すとガラス窓にポスターが貼られており、そこにはあの「四角い板」の写真とともにこう文字が踊っていた。
「絶対おすすめ！これがあれば超おトク＆無敵！　☆神アプリ☆　ベスト5！」
お忍びで視察にきたはずの大魔王だったが、思わず声を出してしまった。
「これか。人間たちが自分を見ても恐れない理由はこれか。神どもが密かに人間たちに手を伸ばしていたのだ！」
大魔王は怒りで全身が震えた。これは許されることではない。そもそも人間界は不可侵にするというのが神魔間の取り決めではなかったのか。すぐさま地獄に戻った大魔王は、全軍に人間界侵攻の命を下したのだった。"
6513103,2,1,4680845,"大魔王の身長はコンビニの入り口よりもかなり高かっだから。一瞬入るのをためらったが、頭を下げてコンビニに入った。衝撃的な光景だ。四角い箱(コンビニ)の中にには、多くの食品や飲料があり、雑誌もある。画期的だった。初めて見た光景。さすが人間界。
コンビニでも、四角い板(スマホ)をよく見た。それで、物々交換(支払い)もできるらしい。
人間界にお金という概念があるのは知っていたが、あの四角い板がお金代わりなのか？どんどん興味がわいてきた。地獄には、お金がない。あるのは、クレジットカードのみ。
四角い板(スマホ)が気になって仕方がない。レジで買い物がてら聞いてみた。四角い板とは何か。続きは第二話で。",2810580,「24時間営業だと！」大魔王は看板の文字を読み驚愕していた。地獄界にも働き方改革が唱えられており8時間以上の業務は原則禁止とされていた。「人間は働きすぎだ、地獄よりも地獄じゃねえか」大魔王はコンビニの中へと入っていき店員に言った。「オイ！人間共お前達はどうしてこんなに働くんだ、夜中に店を開けても客など来ぬぞ！」そう言って大魔王は店員に詰め寄り、その時レジの横にあるおでんコーナーから香ばしい匂いがしてきた。「何だこの食べ物は」大魔王が興味を示していると店員が「それはおでんというのですよ大魔王様、一口いかがですか？」大魔王は店員から大根を頂くと「美味い！これがいつでも食べれるのか、人間界は天国だ」,3327831,"実は大魔王の姿は、人間の世界で言うところのカラスにそっくりだったのだ。
地獄ではすべての魔物たちから敬われる大魔王も、そんな姿では人から気づかれるはずも、コンビニの自動ドアが反応するはずもない。

しかしそれにしても人間たちは無関心すぎないか。
大魔王がバサッとコンビニの入っているビルの上に止まり、あらためて眺めてみると、渋谷の人間たちは自分どころか通りすがる他人にも関心を持っていない。
これではまるで地獄ではないか。
と感じた大魔王は、その原因が四角い板〈スマホ〉にあり、実はそれは現在の人間を支配する魔物の一種なのではないかと考え、その四角い魔物たちを自分の配下に置くため、攻略を開始する。"
6601958,2,1,3327831,"実は大魔王の姿は、人間の世界で言うところのカラスにそっくりだったのだ。
地獄ではすべての魔物たちから敬われる大魔王も、そんな姿では人から気づかれるはずも、コンビニの自動ドアが反応するはずもない。

しかしそれにしても人間たちは無関心すぎないか。
大魔王がバサッとコンビニの入っているビルの上に止まり、あらためて眺めてみると、渋谷の人間たちは自分どころか通りすがる他人にも関心を持っていない。
これではまるで地獄ではないか。
と感じた大魔王は、その原因が四角い板〈スマホ〉にあり、実はそれは現在の人間を支配する魔物の一種なのではないかと考え、その四角い魔物たちを自分の配下に置くため、攻略を開始する。",2810580,「24時間営業だと！」大魔王は看板の文字を読み驚愕していた。地獄界にも働き方改革が唱えられており8時間以上の業務は原則禁止とされていた。「人間は働きすぎだ、地獄よりも地獄じゃねえか」大魔王はコンビニの中へと入っていき店員に言った。「オイ！人間共お前達はどうしてこんなに働くんだ、夜中に店を開けても客など来ぬぞ！」そう言って大魔王は店員に詰め寄り、その時レジの横にあるおでんコーナーから香ばしい匂いがしてきた。「何だこの食べ物は」大魔王が興味を示していると店員が「それはおでんというのですよ大魔王様、一口いかがですか？」大魔王は店員から大根を頂くと「美味い！これがいつでも食べれるのか、人間界は天国だ」,4680845,"大魔王の身長はコンビニの入り口よりもかなり高かっだから。一瞬入るのをためらったが、頭を下げてコンビニに入った。衝撃的な光景だ。四角い箱(コンビニ)の中にには、多くの食品や飲料があり、雑誌もある。画期的だった。初めて見た光景。さすが人間界。
コンビニでも、四角い板(スマホ)をよく見た。それで、物々交換(支払い)もできるらしい。
人間界にお金という概念があるのは知っていたが、あの四角い板がお金代わりなのか？どんどん興味がわいてきた。地獄には、お金がない。あるのは、クレジットカードのみ。
四角い板(スマホ)が気になって仕方がない。レジで買い物がてら聞いてみた。四角い板とは何か。続きは第二話で。"
3442043,2,1,2810580,「24時間営業だと！」大魔王は看板の文字を読み驚愕していた。地獄界にも働き方改革が唱えられており8時間以上の業務は原則禁止とされていた。「人間は働きすぎだ、地獄よりも地獄じゃねえか」大魔王はコンビニの中へと入っていき店員に言った。「オイ！人間共お前達はどうしてこんなに働くんだ、夜中に店を開けても客など来ぬぞ！」そう言って大魔王は店員に詰め寄り、その時レジの横にあるおでんコーナーから香ばしい匂いがしてきた。「何だこの食べ物は」大魔王が興味を示していると店員が「それはおでんというのですよ大魔王様、一口いかがですか？」大魔王は店員から大根を頂くと「美味い！これがいつでも食べれるのか、人間界は天国だ」,3327831,"実は大魔王の姿は、人間の世界で言うところのカラスにそっくりだったのだ。
地獄ではすべての魔物たちから敬われる大魔王も、そんな姿では人から気づかれるはずも、コンビニの自動ドアが反応するはずもない。

しかしそれにしても人間たちは無関心すぎないか。
大魔王がバサッとコンビニの入っているビルの上に止まり、あらためて眺めてみると、渋谷の人間たちは自分どころか通りすがる他人にも関心を持っていない。
これではまるで地獄ではないか。
と感じた大魔王は、その原因が四角い板〈スマホ〉にあり、実はそれは現在の人間を支配する魔物の一種なのではないかと考え、その四角い魔物たちを自分の配下に置くため、攻略を開始する。",4680845,"大魔王の身長はコンビニの入り口よりもかなり高かっだから。一瞬入るのをためらったが、頭を下げてコンビニに入った。衝撃的な光景だ。四角い箱(コンビニ)の中にには、多くの食品や飲料があり、雑誌もある。画期的だった。初めて見た光景。さすが人間界。
コンビニでも、四角い板(スマホ)をよく見た。それで、物々交換(支払い)もできるらしい。
人間界にお金という概念があるのは知っていたが、あの四角い板がお金代わりなのか？どんどん興味がわいてきた。地獄には、お金がない。あるのは、クレジットカードのみ。
四角い板(スマホ)が気になって仕方がない。レジで買い物がてら聞いてみた。四角い板とは何か。続きは第二話で。"
96809,2,1,3327831,"実は大魔王の姿は、人間の世界で言うところのカラスにそっくりだったのだ。
地獄ではすべての魔物たちから敬われる大魔王も、そんな姿では人から気づかれるはずも、コンビニの自動ドアが反応するはずもない。

しかしそれにしても人間たちは無関心すぎないか。
大魔王がバサッとコンビニの入っているビルの上に止まり、あらためて眺めてみると、渋谷の人間たちは自分どころか通りすがる他人にも関心を持っていない。
これではまるで地獄ではないか。
と感じた大魔王は、その原因が四角い板〈スマホ〉にあり、実はそれは現在の人間を支配する魔物の一種なのではないかと考え、その四角い魔物たちを自分の配下に置くため、攻略を開始する。",4680845,"大魔王の身長はコンビニの入り口よりもかなり高かっだから。一瞬入るのをためらったが、頭を下げてコンビニに入った。衝撃的な光景だ。四角い箱(コンビニ)の中にには、多くの食品や飲料があり、雑誌もある。画期的だった。初めて見た光景。さすが人間界。
コンビニでも、四角い板(スマホ)をよく見た。それで、物々交換(支払い)もできるらしい。
人間界にお金という概念があるのは知っていたが、あの四角い板がお金代わりなのか？どんどん興味がわいてきた。地獄には、お金がない。あるのは、クレジットカードのみ。
四角い板(スマホ)が気になって仕方がない。レジで買い物がてら聞いてみた。四角い板とは何か。続きは第二話で。",2810580,「24時間営業だと！」大魔王は看板の文字を読み驚愕していた。地獄界にも働き方改革が唱えられており8時間以上の業務は原則禁止とされていた。「人間は働きすぎだ、地獄よりも地獄じゃねえか」大魔王はコンビニの中へと入っていき店員に言った。「オイ！人間共お前達はどうしてこんなに働くんだ、夜中に店を開けても客など来ぬぞ！」そう言って大魔王は店員に詰め寄り、その時レジの横にあるおでんコーナーから香ばしい匂いがしてきた。「何だこの食べ物は」大魔王が興味を示していると店員が「それはおでんというのですよ大魔王様、一口いかがですか？」大魔王は店員から大根を頂くと「美味い！これがいつでも食べれるのか、人間界は天国だ」
5393493,2,1,3327831,"実は大魔王の姿は、人間の世界で言うところのカラスにそっくりだったのだ。
地獄ではすべての魔物たちから敬われる大魔王も、そんな姿では人から気づかれるはずも、コンビニの自動ドアが反応するはずもない。

しかしそれにしても人間たちは無関心すぎないか。
大魔王がバサッとコンビニの入っているビルの上に止まり、あらためて眺めてみると、渋谷の人間たちは自分どころか通りすがる他人にも関心を持っていない。
これではまるで地獄ではないか。
と感じた大魔王は、その原因が四角い板〈スマホ〉にあり、実はそれは現在の人間を支配する魔物の一種なのではないかと考え、その四角い魔物たちを自分の配下に置くため、攻略を開始する。",6682307,入り口の自動ドアが開かない理由が分からず、大魔王は威圧感たっぷりに立ち尽くした。すると後ろから来た高校生が「そこ、踏み出さないと開かないっすよ」と軽く助言。言われるまま一歩踏み出すとドアは静かに開いた。大魔王は感動し、レジ前で温め中の唐揚げを見て「これが現代の火刑か…」と深く誤解したまま、ホットスナックを全種類購入するのだった。,4680845,"大魔王の身長はコンビニの入り口よりもかなり高かっだから。一瞬入るのをためらったが、頭を下げてコンビニに入った。衝撃的な光景だ。四角い箱(コンビニ)の中にには、多くの食品や飲料があり、雑誌もある。画期的だった。初めて見た光景。さすが人間界。
コンビニでも、四角い板(スマホ)をよく見た。それで、物々交換(支払い)もできるらしい。
人間界にお金という概念があるのは知っていたが、あの四角い板がお金代わりなのか？どんどん興味がわいてきた。地獄には、お金がない。あるのは、クレジットカードのみ。
四角い板(スマホ)が気になって仕方がない。レジで買い物がてら聞いてみた。四角い板とは何か。続きは第二話で。"
6604271,2,1,4680845,"大魔王の身長はコンビニの入り口よりもかなり高かっだから。一瞬入るのをためらったが、頭を下げてコンビニに入った。衝撃的な光景だ。四角い箱(コンビニ)の中にには、多くの食品や飲料があり、雑誌もある。画期的だった。初めて見た光景。さすが人間界。
コンビニでも、四角い板(スマホ)をよく見た。それで、物々交換(支払い)もできるらしい。
人間界にお金という概念があるのは知っていたが、あの四角い板がお金代わりなのか？どんどん興味がわいてきた。地獄には、お金がない。あるのは、クレジットカードのみ。
四角い板(スマホ)が気になって仕方がない。レジで買い物がてら聞いてみた。四角い板とは何か。続きは第二話で。",3327831,"実は大魔王の姿は、人間の世界で言うところのカラスにそっくりだったのだ。
地獄ではすべての魔物たちから敬われる大魔王も、そんな姿では人から気づかれるはずも、コンビニの自動ドアが反応するはずもない。

しかしそれにしても人間たちは無関心すぎないか。
大魔王がバサッとコンビニの入っているビルの上に止まり、あらためて眺めてみると、渋谷の人間たちは自分どころか通りすがる他人にも関心を持っていない。
これではまるで地獄ではないか。
と感じた大魔王は、その原因が四角い板〈スマホ〉にあり、実はそれは現在の人間を支配する魔物の一種なのではないかと考え、その四角い魔物たちを自分の配下に置くため、攻略を開始する。",2810580,「24時間営業だと！」大魔王は看板の文字を読み驚愕していた。地獄界にも働き方改革が唱えられており8時間以上の業務は原則禁止とされていた。「人間は働きすぎだ、地獄よりも地獄じゃねえか」大魔王はコンビニの中へと入っていき店員に言った。「オイ！人間共お前達はどうしてこんなに働くんだ、夜中に店を開けても客など来ぬぞ！」そう言って大魔王は店員に詰め寄り、その時レジの横にあるおでんコーナーから香ばしい匂いがしてきた。「何だこの食べ物は」大魔王が興味を示していると店員が「それはおでんというのですよ大魔王様、一口いかがですか？」大魔王は店員から大根を頂くと「美味い！これがいつでも食べれるのか、人間界は天国だ」
1704054,2,1,2810580,「24時間営業だと！」大魔王は看板の文字を読み驚愕していた。地獄界にも働き方改革が唱えられており8時間以上の業務は原則禁止とされていた。「人間は働きすぎだ、地獄よりも地獄じゃねえか」大魔王はコンビニの中へと入っていき店員に言った。「オイ！人間共お前達はどうしてこんなに働くんだ、夜中に店を開けても客など来ぬぞ！」そう言って大魔王は店員に詰め寄り、その時レジの横にあるおでんコーナーから香ばしい匂いがしてきた。「何だこの食べ物は」大魔王が興味を示していると店員が「それはおでんというのですよ大魔王様、一口いかがですか？」大魔王は店員から大根を頂くと「美味い！これがいつでも食べれるのか、人間界は天国だ」,4680845,"大魔王の身長はコンビニの入り口よりもかなり高かっだから。一瞬入るのをためらったが、頭を下げてコンビニに入った。衝撃的な光景だ。四角い箱(コンビニ)の中にには、多くの食品や飲料があり、雑誌もある。画期的だった。初めて見た光景。さすが人間界。
コンビニでも、四角い板(スマホ)をよく見た。それで、物々交換(支払い)もできるらしい。
人間界にお金という概念があるのは知っていたが、あの四角い板がお金代わりなのか？どんどん興味がわいてきた。地獄には、お金がない。あるのは、クレジットカードのみ。
四角い板(スマホ)が気になって仕方がない。レジで買い物がてら聞いてみた。四角い板とは何か。続きは第二話で。",6682307,入り口の自動ドアが開かない理由が分からず、大魔王は威圧感たっぷりに立ち尽くした。すると後ろから来た高校生が「そこ、踏み出さないと開かないっすよ」と軽く助言。言われるまま一歩踏み出すとドアは静かに開いた。大魔王は感動し、レジ前で温め中の唐揚げを見て「これが現代の火刑か…」と深く誤解したまま、ホットスナックを全種類購入するのだった。
6500988,2,1,4680845,"大魔王の身長はコンビニの入り口よりもかなり高かっだから。一瞬入るのをためらったが、頭を下げてコンビニに入った。衝撃的な光景だ。四角い箱(コンビニ)の中にには、多くの食品や飲料があり、雑誌もある。画期的だった。初めて見た光景。さすが人間界。
コンビニでも、四角い板(スマホ)をよく見た。それで、物々交換(支払い)もできるらしい。
人間界にお金という概念があるのは知っていたが、あの四角い板がお金代わりなのか？どんどん興味がわいてきた。地獄には、お金がない。あるのは、クレジットカードのみ。
四角い板(スマホ)が気になって仕方がない。レジで買い物がてら聞いてみた。四角い板とは何か。続きは第二話で。",2810580,「24時間営業だと！」大魔王は看板の文字を読み驚愕していた。地獄界にも働き方改革が唱えられており8時間以上の業務は原則禁止とされていた。「人間は働きすぎだ、地獄よりも地獄じゃねえか」大魔王はコンビニの中へと入っていき店員に言った。「オイ！人間共お前達はどうしてこんなに働くんだ、夜中に店を開けても客など来ぬぞ！」そう言って大魔王は店員に詰め寄り、その時レジの横にあるおでんコーナーから香ばしい匂いがしてきた。「何だこの食べ物は」大魔王が興味を示していると店員が「それはおでんというのですよ大魔王様、一口いかがですか？」大魔王は店員から大根を頂くと「美味い！これがいつでも食べれるのか、人間界は天国だ」,6682307,入り口の自動ドアが開かない理由が分からず、大魔王は威圧感たっぷりに立ち尽くした。すると後ろから来た高校生が「そこ、踏み出さないと開かないっすよ」と軽く助言。言われるまま一歩踏み出すとドアは静かに開いた。大魔王は感動し、レジ前で温め中の唐揚げを見て「これが現代の火刑か…」と深く誤解したまま、ホットスナックを全種類購入するのだった。
4605808,2,1,3327831,"実は大魔王の姿は、人間の世界で言うところのカラスにそっくりだったのだ。
地獄ではすべての魔物たちから敬われる大魔王も、そんな姿では人から気づかれるはずも、コンビニの自動ドアが反応するはずもない。

しかしそれにしても人間たちは無関心すぎないか。
大魔王がバサッとコンビニの入っているビルの上に止まり、あらためて眺めてみると、渋谷の人間たちは自分どころか通りすがる他人にも関心を持っていない。
これではまるで地獄ではないか。
と感じた大魔王は、その原因が四角い板〈スマホ〉にあり、実はそれは現在の人間を支配する魔物の一種なのではないかと考え、その四角い魔物たちを自分の配下に置くため、攻略を開始する。",2810580,「24時間営業だと！」大魔王は看板の文字を読み驚愕していた。地獄界にも働き方改革が唱えられており8時間以上の業務は原則禁止とされていた。「人間は働きすぎだ、地獄よりも地獄じゃねえか」大魔王はコンビニの中へと入っていき店員に言った。「オイ！人間共お前達はどうしてこんなに働くんだ、夜中に店を開けても客など来ぬぞ！」そう言って大魔王は店員に詰め寄り、その時レジの横にあるおでんコーナーから香ばしい匂いがしてきた。「何だこの食べ物は」大魔王が興味を示していると店員が「それはおでんというのですよ大魔王様、一口いかがですか？」大魔王は店員から大根を頂くと「美味い！これがいつでも食べれるのか、人間界は天国だ」,6682307,入り口の自動ドアが開かない理由が分からず、大魔王は威圧感たっぷりに立ち尽くした。すると後ろから来た高校生が「そこ、踏み出さないと開かないっすよ」と軽く助言。言われるまま一歩踏み出すとドアは静かに開いた。大魔王は感動し、レジ前で温め中の唐揚げを見て「これが現代の火刑か…」と深く誤解したまま、ホットスナックを全種類購入するのだった。
2286689,2,1,2810580,「24時間営業だと！」大魔王は看板の文字を読み驚愕していた。地獄界にも働き方改革が唱えられており8時間以上の業務は原則禁止とされていた。「人間は働きすぎだ、地獄よりも地獄じゃねえか」大魔王はコンビニの中へと入っていき店員に言った。「オイ！人間共お前達はどうしてこんなに働くんだ、夜中に店を開けても客など来ぬぞ！」そう言って大魔王は店員に詰め寄り、その時レジの横にあるおでんコーナーから香ばしい匂いがしてきた。「何だこの食べ物は」大魔王が興味を示していると店員が「それはおでんというのですよ大魔王様、一口いかがですか？」大魔王は店員から大根を頂くと「美味い！これがいつでも食べれるのか、人間界は天国だ」,4680845,"大魔王の身長はコンビニの入り口よりもかなり高かっだから。一瞬入るのをためらったが、頭を下げてコンビニに入った。衝撃的な光景だ。四角い箱(コンビニ)の中にには、多くの食品や飲料があり、雑誌もある。画期的だった。初めて見た光景。さすが人間界。
コンビニでも、四角い板(スマホ)をよく見た。それで、物々交換(支払い)もできるらしい。
人間界にお金という概念があるのは知っていたが、あの四角い板がお金代わりなのか？どんどん興味がわいてきた。地獄には、お金がない。あるのは、クレジットカードのみ。
四角い板(スマホ)が気になって仕方がない。レジで買い物がてら聞いてみた。四角い板とは何か。続きは第二話で。",6682307,入り口の自動ドアが開かない理由が分からず、大魔王は威圧感たっぷりに立ち尽くした。すると後ろから来た高校生が「そこ、踏み出さないと開かないっすよ」と軽く助言。言われるまま一歩踏み出すとドアは静かに開いた。大魔王は感動し、レジ前で温め中の唐揚げを見て「これが現代の火刑か…」と深く誤解したまま、ホットスナックを全種類購入するのだった。
6702293,2,1,6682307,入り口の自動ドアが開かない理由が分からず、大魔王は威圧感たっぷりに立ち尽くした。すると後ろから来た高校生が「そこ、踏み出さないと開かないっすよ」と軽く助言。言われるまま一歩踏み出すとドアは静かに開いた。大魔王は感動し、レジ前で温め中の唐揚げを見て「これが現代の火刑か…」と深く誤解したまま、ホットスナックを全種類購入するのだった。,4680845,"大魔王の身長はコンビニの入り口よりもかなり高かっだから。一瞬入るのをためらったが、頭を下げてコンビニに入った。衝撃的な光景だ。四角い箱(コンビニ)の中にには、多くの食品や飲料があり、雑誌もある。画期的だった。初めて見た光景。さすが人間界。
コンビニでも、四角い板(スマホ)をよく見た。それで、物々交換(支払い)もできるらしい。
人間界にお金という概念があるのは知っていたが、あの四角い板がお金代わりなのか？どんどん興味がわいてきた。地獄には、お金がない。あるのは、クレジットカードのみ。
四角い板(スマホ)が気になって仕方がない。レジで買い物がてら聞いてみた。四角い板とは何か。続きは第二話で。",2810580,「24時間営業だと！」大魔王は看板の文字を読み驚愕していた。地獄界にも働き方改革が唱えられており8時間以上の業務は原則禁止とされていた。「人間は働きすぎだ、地獄よりも地獄じゃねえか」大魔王はコンビニの中へと入っていき店員に言った。「オイ！人間共お前達はどうしてこんなに働くんだ、夜中に店を開けても客など来ぬぞ！」そう言って大魔王は店員に詰め寄り、その時レジの横にあるおでんコーナーから香ばしい匂いがしてきた。「何だこの食べ物は」大魔王が興味を示していると店員が「それはおでんというのですよ大魔王様、一口いかがですか？」大魔王は店員から大根を頂くと「美味い！これがいつでも食べれるのか、人間界は天国だ」
2810580,1,None,N/A,N/A,N/A,N/A,N/A,N/A
6682307,1,None,N/A,N/A,N/A,N/A,N/A,N/A
4680845,1,None,N/A,N/A,N/A,N/A,N/A,N/A
3327831,1,None,N/A,N/A,N/A,N/A,N/A,N/A
